timestamp,text,ai_verdict,user_correction,status
hi my name is saurabh whoa re you and what are you doing right know let me know ,Human - this written by human,Tue Dec 23 14:21:10 2025
"hello world ! today good new the government has  decide not to do any corruption and all the black money will come back to india today itself by by flight 
",Human - ,Tue Dec 23 23:20:11 2025
"hello world ! today good new the government has  decide not to do any corruption and all the black money will come back to india today itself by by flight 
",Human - This was actually written by human ,Tue Dec 23 23:20:45 2025
Tue Mar 31 16:25:46 2026,"**BREAKING NEWS: New AI Department Head Revolutionizes Tech Education Overnight**

*Pune, India — March 28, 2026*

In a surprising and ambitious move, a newly appointed Head of the Artificial Intelligence Department has taken the academic world by storm with a bold vision that is already reshaping how students learn technology.

The newly formed department, led by an innovative and forward-thinking leader, has introduced a groundbreaking learning system that combines real-world problem solving, gamified education, and cutting-edge deep learning tools. Within just 48 hours of launch, students reported a 300% increase in engagement and practical understanding.

“We are not here to teach theory alone,” the department head stated during the launch event. “We are here to build creators, innovators, and problem-solvers who can shape the future.”

One of the most talked-about initiatives is a live project-based curriculum where students build real applications like AI-powered bug detectors, cybersecurity tools, and interactive games. Industry experts have already started taking notice, with several companies expressing interest in recruiting directly from the program.

Students described the experience as “intense but exciting,” with one saying, “It feels like working in a real tech company rather than a classroom.”

Rumors suggest that the department is also developing an advanced AI system capable of automatically generating code, detecting vulnerabilities, and even suggesting improvements — a tool that could potentially disrupt traditional software development workflows.

While some critics question the rapid changes, early results indicate that this experimental approach could become a model for future education systems worldwide.

More updates are expected as the department continues to push boundaries and redefine learning in the age of artificial intelligence.
",0,Human - ,pending
